"","Year_Collected","MEAN"
"1","2000",0.484427099711765
"2","2001",0.542808306736364
"3","2002",0.5651775543875
"4","2003",0.4378957103375
"5","2004",0.731051180605882
"6","2005",1.2838241275625
"7","2006",1.2198250102
"8","2007",1.46338613103333
"9","2008",1.18498549704706
"10","2010",1.18382238664118
"11","2011",1.12060534684
"12","2012",1.09215585911667
